order_id,item_id,shelf_location_x,shelf_location_y,zone,item_type,priority,quantity,order_timestamp
ORD_0001,groceries_frozen_foods_7_8,7,8,groceries,frozen_foods,2,3,2025-07-09 09:26:38.927257
ORD_0001,electronics_phones_3_2,3,2,electronics,phones,2,1,2025-07-09 05:18:38.927392
ORD_0001,clothing_pants_15_5,15,5,clothing,pants,3,1,2025-07-09 05:49:38.927414
ORD_0001,groceries_canned_goods_3_8,3,8,groceries,canned_goods,3,1,2025-07-09 16:07:38.927429
ORD_0002,clothing_shoes_16_2,16,2,clothing,shoes,1,3,2025-07-09 07:45:38.927535
ORD_0002,clothing_shirts_12_5,12,5,clothing,shirts,3,1,2025-07-09 21:21:38.927552
ORD_0002,home_decor_13_7,13,7,home,decor,2,2,2025-07-09 04:34:38.927568
ORD_0002,clothing_pants_14_4,14,4,clothing,pants,2,3,2025-07-09 09:00:38.927580
ORD_0003,home_appliances_12_7,12,7,home,appliances,1,1,2025-07-09 04:41:38.927663
ORD_0003,groceries_frozen_foods_5_10,5,10,groceries,frozen_foods,2,3,2025-07-09 02:55:38.927677
ORD_0004,clothing_pants_15_3,15,3,clothing,pants,2,1,2025-07-09 04:12:38.927750
ORD_0004,clothing_pants_17_5,17,5,clothing,pants,2,1,2025-07-09 17:24:38.927763
ORD_0004,home_furniture_16_8,16,8,home,furniture,1,1,2025-07-09 13:06:38.927775
ORD_0004,clothing_pants_17_3,17,3,clothing,pants,2,3,2025-07-09 12:26:38.927787
ORD_0005,home_furniture_13_10,13,10,home,furniture,3,3,2025-07-09 19:25:38.927859
ORD_0005,groceries_canned_goods_2_10,2,10,groceries,canned_goods,2,1,2025-07-09 03:26:38.927872
ORD_0005,clothing_pants_14_3,14,3,clothing,pants,1,2,2025-07-09 19:03:38.927884
ORD_0006,groceries_produce_2_7,2,7,groceries,produce,2,1,2025-07-09 10:21:38.928059
ORD_0006,home_appliances_17_10,17,10,home,appliances,1,1,2025-07-09 03:34:38.928093
ORD_0006,electronics_laptops_7_2,7,2,electronics,laptops,1,3,2025-07-09 12:01:38.928107
ORD_0006,home_decor_17_9,17,9,home,decor,3,3,2025-07-10 01:37:38.928121
ORD_0007,home_decor_15_8,15,8,home,decor,1,2,2025-07-09 04:08:38.928203
ORD_0007,electronics_tablets_5_3,5,3,electronics,tablets,2,1,2025-07-09 13:09:38.928223
ORD_0007,home_furniture_13_9,13,9,home,furniture,2,2,2025-07-09 02:46:38.928241
ORD_0007,electronics_tablets_4_2,4,2,electronics,tablets,1,2,2025-07-09 23:39:38.928253
ORD_0008,groceries_produce_4_9,4,9,groceries,produce,3,2,2025-07-09 10:48:38.928331
ORD_0008,electronics_laptops_6_4,6,4,electronics,laptops,2,3,2025-07-09 11:04:38.928345
ORD_0008,home_appliances_15_10,15,10,home,appliances,2,2,2025-07-09 13:40:38.928357
ORD_0009,electronics_tablets_3_5,3,5,electronics,tablets,2,2,2025-07-09 20:33:38.928426
ORD_0009,clothing_shirts_12_4,12,4,clothing,shirts,1,3,2025-07-09 03:11:38.928439
ORD_0009,electronics_laptops_7_3,7,3,electronics,laptops,3,1,2025-07-09 09:33:38.928451
ORD_0010,home_appliances_16_7,16,7,home,appliances,3,2,2025-07-09 03:29:38.928518
ORD_0010,groceries_canned_goods_7_9,7,9,groceries,canned_goods,1,2,2025-07-09 14:06:38.928531
ORD_0010,home_decor_14_7,14,7,home,decor,3,1,2025-07-09 10:25:38.928546
ORD_0010,electronics_tablets_4_3,4,3,electronics,tablets,3,2,2025-07-09 10:12:38.928563
ORD_0011,clothing_shirts_12_3,12,3,clothing,shirts,3,3,2025-07-09 11:44:38.928635
ORD_0011,electronics_tablets_4_2,4,2,electronics,tablets,1,3,2025-07-09 10:36:38.928654
ORD_0012,electronics_laptops_4_5,4,5,electronics,laptops,1,2,2025-07-09 06:57:38.928729
ORD_0012,clothing_pants_12_2,12,2,clothing,pants,2,1,2025-07-09 05:46:38.928742
ORD_0012,groceries_produce_4_10,4,10,groceries,produce,3,2,2025-07-10 00:27:38.928754
ORD_0012,groceries_produce_7_10,7,10,groceries,produce,3,3,2025-07-10 00:47:38.928766
ORD_0013,home_decor_15_10,15,10,home,decor,1,1,2025-07-09 12:50:38.928834
ORD_0013,clothing_shirts_17_2,17,2,clothing,shirts,2,2,2025-07-09 13:31:38.928848
ORD_0014,electronics_tablets_7_3,7,3,electronics,tablets,1,3,2025-07-09 21:55:38.929182
ORD_0015,clothing_pants_14_3,14,3,clothing,pants,1,2,2025-07-09 08:18:38.929279
ORD_0015,groceries_canned_goods_3_10,3,10,groceries,canned_goods,1,3,2025-07-09 21:23:38.929294
ORD_0015,home_appliances_16_8,16,8,home,appliances,3,3,2025-07-09 19:06:38.929308
ORD_0015,groceries_produce_4_7,4,7,groceries,produce,1,3,2025-07-09 21:54:38.929321
ORD_0015,home_appliances_12_8,12,8,home,appliances,2,3,2025-07-09 06:01:38.929332
ORD_0016,groceries_frozen_foods_2_7,2,7,groceries,frozen_foods,2,2,2025-07-09 05:24:38.929403
ORD_0016,home_appliances_14_10,14,10,home,appliances,3,2,2025-07-09 14:04:38.929416
ORD_0017,electronics_phones_4_4,4,4,electronics,phones,1,1,2025-07-09 23:43:38.929482
ORD_0017,clothing_pants_14_4,14,4,clothing,pants,2,1,2025-07-09 23:26:38.929495
ORD_0017,clothing_pants_16_3,16,3,clothing,pants,2,1,2025-07-09 10:04:38.929507
ORD_0018,home_decor_17_9,17,9,home,decor,3,2,2025-07-10 00:46:38.929587
ORD_0018,home_appliances_14_7,14,7,home,appliances,1,3,2025-07-09 23:29:38.929601
ORD_0019,home_appliances_13_9,13,9,home,appliances,2,1,2025-07-09 12:03:38.929669
ORD_0019,electronics_phones_3_5,3,5,electronics,phones,2,2,2025-07-09 13:32:38.929682
ORD_0019,groceries_frozen_foods_2_10,2,10,groceries,frozen_foods,1,1,2025-07-09 12:42:38.929694
ORD_0020,electronics_phones_7_2,7,2,electronics,phones,3,1,2025-07-09 11:12:38.929759
ORD_0020,electronics_tablets_2_4,2,4,electronics,tablets,1,2,2025-07-09 02:50:38.929771
ORD_0020,groceries_canned_goods_7_10,7,10,groceries,canned_goods,3,2,2025-07-09 13:08:38.929783
ORD_0020,groceries_frozen_foods_5_7,5,7,groceries,frozen_foods,1,3,2025-07-09 21:52:38.929795
ORD_0020,groceries_produce_2_9,2,9,groceries,produce,2,1,2025-07-09 08:07:38.929806
ORD_0021,groceries_frozen_foods_5_8,5,8,groceries,frozen_foods,3,3,2025-07-09 11:04:38.929873
ORD_0021,groceries_frozen_foods_6_7,6,7,groceries,frozen_foods,2,1,2025-07-09 20:07:38.929885
ORD_0021,groceries_frozen_foods_5_10,5,10,groceries,frozen_foods,2,2,2025-07-10 01:47:38.929908
ORD_0021,home_furniture_14_9,14,9,home,furniture,2,1,2025-07-09 10:11:38.929923
ORD_0021,clothing_shirts_13_2,13,2,clothing,shirts,1,2,2025-07-09 20:00:38.929934
ORD_0022,home_decor_12_7,12,7,home,decor,1,2,2025-07-09 11:00:38.930007
ORD_0022,groceries_frozen_foods_2_8,2,8,groceries,frozen_foods,1,2,2025-07-09 05:36:38.930020
ORD_0022,groceries_frozen_foods_3_8,3,8,groceries,frozen_foods,1,2,2025-07-10 00:27:38.930032
ORD_0022,groceries_frozen_foods_3_10,3,10,groceries,frozen_foods,2,3,2025-07-09 16:04:38.930044
ORD_0022,home_furniture_12_9,12,9,home,furniture,1,1,2025-07-09 17:10:38.930055
ORD_0023,home_appliances_15_8,15,8,home,appliances,3,3,2025-07-09 22:57:38.930122
ORD_0023,electronics_phones_3_2,3,2,electronics,phones,2,1,2025-07-09 21:01:38.930134
ORD_0024,electronics_laptops_4_2,4,2,electronics,laptops,3,3,2025-07-09 05:40:38.930201
ORD_0025,electronics_phones_7_3,7,3,electronics,phones,1,1,2025-07-09 03:12:38.930269
ORD_0025,clothing_shirts_13_4,13,4,clothing,shirts,1,2,2025-07-09 17:39:38.930280
ORD_0026,groceries_canned_goods_6_8,6,8,groceries,canned_goods,2,2,2025-07-09 07:40:38.930346
ORD_0026,home_furniture_15_8,15,8,home,furniture,1,2,2025-07-09 19:09:38.930358
ORD_0026,clothing_shoes_16_5,16,5,clothing,shoes,2,2,2025-07-09 10:58:38.930370
ORD_0026,electronics_tablets_2_5,2,5,electronics,tablets,2,2,2025-07-09 16:08:38.930381
ORD_0027,home_furniture_15_9,15,9,home,furniture,2,2,2025-07-09 20:14:38.930448
ORD_0027,electronics_phones_2_3,2,3,electronics,phones,3,2,2025-07-09 21:40:38.930459
ORD_0028,clothing_pants_17_5,17,5,clothing,pants,2,2,2025-07-10 01:59:38.930527
ORD_0028,home_furniture_17_9,17,9,home,furniture,2,1,2025-07-09 16:15:38.930540
ORD_0028,home_decor_13_10,13,10,home,decor,3,1,2025-07-09 20:35:38.930551
ORD_0029,clothing_shoes_16_3,16,3,clothing,shoes,1,1,2025-07-09 03:31:38.930617
ORD_0029,home_decor_12_8,12,8,home,decor,3,3,2025-07-09 18:45:38.930629
ORD_0030,groceries_frozen_foods_7_9,7,9,groceries,frozen_foods,1,3,2025-07-09 13:07:38.930693
ORD_0030,groceries_produce_6_7,6,7,groceries,produce,3,3,2025-07-09 23:07:38.930705
ORD_0030,home_appliances_13_10,13,10,home,appliances,1,3,2025-07-09 07:19:38.930717
ORD_0030,groceries_canned_goods_7_8,7,8,groceries,canned_goods,2,1,2025-07-09 18:39:38.930729
ORD_0031,clothing_shirts_13_5,13,5,clothing,shirts,1,3,2025-07-09 13:52:38.930797
ORD_0031,electronics_tablets_3_3,3,3,electronics,tablets,3,3,2025-07-09 14:10:38.930812
ORD_0031,electronics_laptops_7_4,7,4,electronics,laptops,1,1,2025-07-09 06:26:38.930823
ORD_0032,groceries_frozen_foods_6_8,6,8,groceries,frozen_foods,1,1,2025-07-09 04:58:38.930889
ORD_0032,home_decor_14_9,14,9,home,decor,1,1,2025-07-09 22:12:38.930910
ORD_0033,clothing_shoes_15_4,15,4,clothing,shoes,2,3,2025-07-09 13:44:38.930984
ORD_0033,clothing_pants_13_2,13,2,clothing,pants,2,1,2025-07-09 12:35:38.930997
ORD_0034,groceries_canned_goods_5_10,5,10,groceries,canned_goods,1,3,2025-07-09 22:06:38.931068
ORD_0034,clothing_pants_15_5,15,5,clothing,pants,3,2,2025-07-09 06:43:38.931080
ORD_0035,groceries_canned_goods_5_10,5,10,groceries,canned_goods,1,1,2025-07-10 01:50:38.931147
ORD_0036,groceries_frozen_foods_7_9,7,9,groceries,frozen_foods,1,1,2025-07-09 03:55:38.931215
ORD_0036,electronics_phones_7_3,7,3,electronics,phones,1,2,2025-07-09 12:19:38.931227
ORD_0036,home_furniture_17_9,17,9,home,furniture,2,2,2025-07-09 04:34:38.931238
ORD_0037,electronics_phones_5_5,5,5,electronics,phones,3,3,2025-07-09 14:03:38.931304
ORD_0037,groceries_produce_4_8,4,8,groceries,produce,2,1,2025-07-09 19:55:38.931316
ORD_0037,clothing_shoes_14_4,14,4,clothing,shoes,1,2,2025-07-09 16:23:38.931328
ORD_0037,electronics_tablets_5_5,5,5,electronics,tablets,1,3,2025-07-09 15:17:38.931339
ORD_0037,electronics_laptops_5_4,5,4,electronics,laptops,3,3,2025-07-09 20:50:38.931350
ORD_0038,groceries_frozen_foods_4_10,4,10,groceries,frozen_foods,2,2,2025-07-09 07:13:38.931416
ORD_0038,groceries_frozen_foods_3_7,3,7,groceries,frozen_foods,1,1,2025-07-09 13:33:38.931427
ORD_0038,clothing_shoes_12_5,12,5,clothing,shoes,1,3,2025-07-09 14:39:38.931439
ORD_0038,groceries_canned_goods_7_7,7,7,groceries,canned_goods,3,1,2025-07-09 20:14:38.931450
ORD_0039,home_furniture_12_8,12,8,home,furniture,1,3,2025-07-09 12:07:38.931515
ORD_0039,clothing_pants_16_2,16,2,clothing,pants,2,1,2025-07-09 12:55:38.931527
ORD_0039,home_decor_17_9,17,9,home,decor,3,1,2025-07-10 00:55:38.931538
ORD_0039,home_furniture_16_7,16,7,home,furniture,3,2,2025-07-09 19:11:38.931550
ORD_0040,groceries_produce_3_8,3,8,groceries,produce,1,1,2025-07-09 12:43:38.931616
ORD_0040,groceries_produce_6_7,6,7,groceries,produce,3,2,2025-07-09 22:10:38.931628
ORD_0040,groceries_produce_7_7,7,7,groceries,produce,3,1,2025-07-09 22:29:38.931639
ORD_0040,groceries_canned_goods_3_10,3,10,groceries,canned_goods,1,2,2025-07-09 22:49:38.931650
ORD_0040,clothing_shoes_16_2,16,2,clothing,shoes,1,3,2025-07-09 14:13:38.931664
ORD_0041,home_decor_14_9,14,9,home,decor,1,2,2025-07-09 09:38:38.931730
ORD_0042,home_furniture_15_8,15,8,home,furniture,1,1,2025-07-09 07:52:38.931797
ORD_0042,groceries_frozen_foods_7_8,7,8,groceries,frozen_foods,2,3,2025-07-09 16:35:38.931809
ORD_0042,clothing_shirts_14_4,14,4,clothing,shirts,2,1,2025-07-09 14:07:38.931822
ORD_0043,home_decor_16_8,16,8,home,decor,3,3,2025-07-09 11:16:38.931888
ORD_0043,groceries_produce_6_8,6,8,groceries,produce,3,1,2025-07-09 11:43:38.931909
ORD_0043,clothing_shoes_13_3,13,3,clothing,shoes,1,1,2025-07-09 02:37:38.931922
ORD_0043,home_furniture_15_7,15,7,home,furniture,3,3,2025-07-09 14:58:38.931933
ORD_0044,groceries_canned_goods_4_7,4,7,groceries,canned_goods,3,2,2025-07-10 01:32:38.932005
ORD_0044,clothing_shirts_15_5,15,5,clothing,shirts,3,3,2025-07-09 19:01:38.932018
ORD_0045,home_decor_14_10,14,10,home,decor,1,2,2025-07-09 14:08:38.932085
ORD_0045,groceries_produce_7_7,7,7,groceries,produce,3,3,2025-07-09 15:52:38.932097
ORD_0046,clothing_shirts_12_5,12,5,clothing,shirts,3,2,2025-07-09 23:16:38.932163
ORD_0046,clothing_pants_16_4,16,4,clothing,pants,1,1,2025-07-09 06:53:38.932175
ORD_0047,home_furniture_15_7,15,7,home,furniture,3,1,2025-07-09 19:39:38.932241
ORD_0047,electronics_laptops_4_2,4,2,electronics,laptops,3,3,2025-07-10 00:55:38.932253
ORD_0047,clothing_shirts_16_4,16,4,clothing,shirts,1,2,2025-07-09 22:33:38.932264
ORD_0047,home_decor_14_10,14,10,home,decor,1,1,2025-07-09 17:01:38.932276
ORD_0048,electronics_tablets_4_5,4,5,electronics,tablets,3,2,2025-07-10 00:34:38.932352
ORD_0049,clothing_shirts_14_5,14,5,clothing,shirts,3,3,2025-07-09 10:56:38.932418
ORD_0049,clothing_shirts_14_4,14,4,clothing,shirts,2,3,2025-07-09 04:13:38.932431
ORD_0050,clothing_pants_17_3,17,3,clothing,pants,2,2,2025-07-09 12:38:38.932496
ORD_0050,groceries_produce_5_10,5,10,groceries,produce,1,2,2025-07-10 01:09:38.932511
ORD_0050,electronics_phones_6_2,6,2,electronics,phones,2,2,2025-07-09 10:34:38.932523
ORD_0051,electronics_tablets_6_4,6,4,electronics,tablets,3,1,2025-07-10 02:07:38.932591
ORD_0051,electronics_tablets_3_2,3,2,electronics,tablets,2,3,2025-07-09 13:53:38.932603
ORD_0051,groceries_frozen_foods_6_7,6,7,groceries,frozen_foods,2,3,2025-07-10 00:27:38.932615
ORD_0052,groceries_canned_goods_5_7,5,7,groceries,canned_goods,3,3,2025-07-09 20:42:38.932680
ORD_0052,clothing_shoes_14_5,14,5,clothing,shoes,3,1,2025-07-09 16:57:38.932692
ORD_0053,home_decor_15_8,15,8,home,decor,1,2,2025-07-09 12:02:38.932760
ORD_0053,electronics_tablets_6_3,6,3,electronics,tablets,1,2,2025-07-09 16:17:38.932773
ORD_0053,electronics_tablets_4_2,4,2,electronics,tablets,1,3,2025-07-09 03:00:38.932784
ORD_0054,home_appliances_17_10,17,10,home,appliances,1,3,2025-07-09 18:58:38.932849
ORD_0054,electronics_tablets_7_3,7,3,electronics,tablets,1,1,2025-07-09 22:59:38.932861
ORD_0055,home_decor_12_7,12,7,home,decor,1,3,2025-07-09 17:23:38.932938
ORD_0056,home_appliances_16_10,16,10,home,appliances,3,3,2025-07-09 18:51:38.933008
ORD_0056,groceries_frozen_foods_3_10,3,10,groceries,frozen_foods,2,3,2025-07-09 23:20:38.933020
ORD_0056,home_decor_13_9,13,9,home,decor,1,1,2025-07-09 23:51:38.933032
ORD_0056,electronics_phones_6_5,6,5,electronics,phones,2,1,2025-07-09 09:36:38.933045
ORD_0057,electronics_tablets_3_3,3,3,electronics,tablets,3,3,2025-07-09 23:56:38.933111
ORD_0057,clothing_shirts_17_3,17,3,clothing,shirts,1,1,2025-07-09 07:18:38.933123
ORD_0058,clothing_shirts_15_3,15,3,clothing,shirts,2,3,2025-07-09 06:26:38.933189
ORD_0058,groceries_canned_goods_4_10,4,10,groceries,canned_goods,2,1,2025-07-09 23:53:38.933201
ORD_0058,electronics_laptops_3_5,3,5,electronics,laptops,2,2,2025-07-09 20:16:38.933213
ORD_0058,groceries_produce_2_10,2,10,groceries,produce,1,3,2025-07-09 11:45:38.933224
ORD_0059,home_furniture_15_10,15,10,home,furniture,1,1,2025-07-09 20:43:38.933290
ORD_0059,clothing_shirts_15_3,15,3,clothing,shirts,2,3,2025-07-09 07:48:38.933302
ORD_0059,clothing_shoes_14_5,14,5,clothing,shoes,3,3,2025-07-09 14:46:38.933313
ORD_0059,electronics_tablets_3_3,3,3,electronics,tablets,3,2,2025-07-09 17:36:38.933325
ORD_0059,home_appliances_12_10,12,10,home,appliances,1,3,2025-07-09 21:54:38.933337
ORD_0060,electronics_phones_6_3,6,3,electronics,phones,2,1,2025-07-09 14:07:38.933402
ORD_0060,home_decor_16_10,16,10,home,decor,3,1,2025-07-09 06:37:38.933414
ORD_0060,clothing_shoes_17_4,17,4,clothing,shoes,2,3,2025-07-09 17:01:38.933425
ORD_0061,groceries_produce_7_8,7,8,groceries,produce,2,3,2025-07-09 06:52:38.933492
ORD_0061,clothing_shoes_17_2,17,2,clothing,shoes,2,2,2025-07-09 07:14:38.933504
ORD_0061,clothing_shoes_17_4,17,4,clothing,shoes,2,3,2025-07-09 13:03:38.933515
ORD_0061,home_furniture_15_10,15,10,home,furniture,1,2,2025-07-09 08:21:38.933527
ORD_0061,clothing_pants_16_2,16,2,clothing,pants,2,3,2025-07-09 05:40:38.933541
ORD_0062,groceries_produce_7_7,7,7,groceries,produce,3,3,2025-07-10 00:22:38.933609
ORD_0062,electronics_phones_6_4,6,4,electronics,phones,1,3,2025-07-09 14:03:38.933621
ORD_0062,clothing_shirts_15_2,15,2,clothing,shirts,3,1,2025-07-09 09:50:38.933632
ORD_0063,home_furniture_13_10,13,10,home,furniture,3,3,2025-07-09 14:43:38.933698
ORD_0063,electronics_laptops_6_2,6,2,electronics,laptops,2,2,2025-07-10 02:18:38.933710
ORD_0063,groceries_frozen_foods_2_9,2,9,groceries,frozen_foods,1,2,2025-07-09 09:36:38.933725
ORD_0063,clothing_shirts_12_5,12,5,clothing,shirts,3,3,2025-07-09 15:52:38.933736
ORD_0063,groceries_frozen_foods_7_8,7,8,groceries,frozen_foods,2,3,2025-07-09 18:51:38.933747
ORD_0064,home_decor_14_9,14,9,home,decor,1,1,2025-07-09 14:43:38.933813
ORD_0064,clothing_pants_16_4,16,4,clothing,pants,1,3,2025-07-09 03:21:38.933825
ORD_0064,home_furniture_17_10,17,10,home,furniture,2,1,2025-07-09 14:09:38.933836
ORD_0064,electronics_laptops_6_2,6,2,electronics,laptops,2,1,2025-07-09 17:19:38.933847
ORD_0065,clothing_pants_16_3,16,3,clothing,pants,2,2,2025-07-09 19:32:38.933924
ORD_0065,home_decor_17_9,17,9,home,decor,3,1,2025-07-09 14:40:38.933940
ORD_0066,electronics_phones_4_5,4,5,electronics,phones,1,1,2025-07-09 04:06:38.934009
ORD_0066,groceries_produce_5_8,5,8,groceries,produce,3,1,2025-07-09 06:16:38.934022
ORD_0066,clothing_shoes_12_3,12,3,clothing,shoes,1,1,2025-07-09 12:23:38.934033
ORD_0066,home_decor_16_10,16,10,home,decor,3,1,2025-07-09 15:48:38.934045
ORD_0066,electronics_phones_7_5,7,5,electronics,phones,3,3,2025-07-09 14:17:38.934056
ORD_0067,groceries_frozen_foods_6_9,6,9,groceries,frozen_foods,3,1,2025-07-09 22:38:38.934124
ORD_0067,electronics_phones_7_4,7,4,electronics,phones,3,3,2025-07-09 21:44:38.934137
ORD_0067,groceries_produce_5_8,5,8,groceries,produce,3,3,2025-07-09 06:58:38.934148
ORD_0067,clothing_shoes_13_2,13,2,clothing,shoes,2,3,2025-07-09 09:45:38.934159
ORD_0067,clothing_shoes_16_3,16,3,clothing,shoes,1,3,2025-07-09 12:55:38.934170
ORD_0068,home_decor_17_8,17,8,home,decor,2,3,2025-07-09 17:03:38.934236
ORD_0068,home_appliances_12_7,12,7,home,appliances,1,3,2025-07-09 05:32:38.934248
ORD_0068,groceries_frozen_foods_5_9,5,9,groceries,frozen_foods,2,1,2025-07-09 10:32:38.934260
ORD_0069,home_appliances_16_10,16,10,home,appliances,3,2,2025-07-09 16:02:38.934329
ORD_0069,electronics_laptops_5_3,5,3,electronics,laptops,1,1,2025-07-09 15:43:38.934342
ORD_0069,home_decor_14_10,14,10,home,decor,1,3,2025-07-09 11:20:38.934354
ORD_0070,clothing_shirts_12_2,12,2,clothing,shirts,3,3,2025-07-09 21:32:38.934421
ORD_0070,clothing_pants_13_5,13,5,clothing,pants,1,1,2025-07-09 23:16:38.934433
ORD_0070,groceries_canned_goods_5_9,5,9,groceries,canned_goods,3,1,2025-07-09 07:16:38.934444
ORD_0071,home_furniture_16_7,16,7,home,furniture,3,1,2025-07-09 21:14:38.934510
ORD_0071,groceries_produce_4_7,4,7,groceries,produce,1,3,2025-07-09 16:17:38.934522
ORD_0071,electronics_laptops_7_4,7,4,electronics,laptops,1,2,2025-07-09 09:30:38.934533
ORD_0071,electronics_phones_5_5,5,5,electronics,phones,3,1,2025-07-09 19:15:38.934546
ORD_0072,groceries_frozen_foods_2_9,2,9,groceries,frozen_foods,1,2,2025-07-09 17:31:38.934612
ORD_0072,groceries_canned_goods_2_9,2,9,groceries,canned_goods,3,1,2025-07-09 23:56:38.934624
ORD_0073,groceries_produce_3_8,3,8,groceries,produce,1,3,2025-07-09 10:42:38.934692
ORD_0073,clothing_shirts_12_5,12,5,clothing,shirts,3,3,2025-07-09 23:15:38.934704
ORD_0073,electronics_tablets_7_3,7,3,electronics,tablets,1,3,2025-07-09 07:12:38.934715
ORD_0073,electronics_tablets_3_5,3,5,electronics,tablets,2,1,2025-07-09 05:58:38.934727
ORD_0073,home_appliances_16_10,16,10,home,appliances,3,3,2025-07-09 20:18:38.934738
ORD_0074,clothing_shirts_12_5,12,5,clothing,shirts,3,2,2025-07-09 23:08:38.934804
ORD_0074,groceries_frozen_foods_3_10,3,10,groceries,frozen_foods,2,3,2025-07-09 20:38:38.934816
ORD_0074,home_appliances_15_8,15,8,home,appliances,3,3,2025-07-09 09:43:38.934827
ORD_0075,groceries_produce_5_7,5,7,groceries,produce,1,2,2025-07-09 05:40:38.934892
ORD_0075,home_furniture_16_10,16,10,home,furniture,3,3,2025-07-09 03:54:38.934914
ORD_0075,home_decor_13_7,13,7,home,decor,2,3,2025-07-09 08:24:38.934928
ORD_0075,home_appliances_16_8,16,8,home,appliances,3,2,2025-07-09 05:34:38.934941
ORD_0076,groceries_produce_7_8,7,8,groceries,produce,2,1,2025-07-09 03:43:38.935012
ORD_0077,groceries_frozen_foods_4_8,4,8,groceries,frozen_foods,2,1,2025-07-09 13:01:38.935082
ORD_0077,groceries_produce_3_9,3,9,groceries,produce,2,3,2025-07-09 04:27:38.935094
ORD_0077,home_decor_15_9,15,9,home,decor,1,1,2025-07-09 06:36:38.935106
ORD_0078,clothing_pants_14_5,14,5,clothing,pants,3,1,2025-07-09 22:54:38.935175
ORD_0079,clothing_shoes_13_4,13,4,clothing,shoes,1,2,2025-07-09 14:18:38.935241
ORD_0079,home_furniture_14_7,14,7,home,furniture,3,2,2025-07-09 20:13:38.935253
ORD_0080,clothing_shirts_16_5,16,5,clothing,shirts,2,3,2025-07-09 11:13:38.935320
ORD_0080,groceries_frozen_foods_3_10,3,10,groceries,frozen_foods,2,1,2025-07-09 22:24:38.935332
ORD_0081,clothing_shoes_13_2,13,2,clothing,shoes,2,2,2025-07-09 11:32:38.935397
ORD_0081,electronics_phones_5_4,5,4,electronics,phones,3,1,2025-07-09 05:23:38.935409
ORD_0081,home_appliances_15_9,15,9,home,appliances,2,1,2025-07-09 19:43:38.935420
ORD_0081,groceries_frozen_foods_5_9,5,9,groceries,frozen_foods,2,2,2025-07-09 15:24:38.935432
ORD_0081,clothing_pants_17_2,17,2,clothing,pants,3,3,2025-07-09 19:37:38.935443
ORD_0082,groceries_canned_goods_7_9,7,9,groceries,canned_goods,1,3,2025-07-10 00:12:38.935512
ORD_0082,home_furniture_16_10,16,10,home,furniture,3,1,2025-07-09 20:47:38.935524
ORD_0082,groceries_canned_goods_7_7,7,7,groceries,canned_goods,3,2,2025-07-09 22:34:38.935535
ORD_0082,groceries_produce_2_10,2,10,groceries,produce,1,3,2025-07-09 06:08:38.935548
ORD_0082,home_decor_14_9,14,9,home,decor,1,2,2025-07-09 23:00:38.935560
ORD_0083,electronics_phones_3_2,3,2,electronics,phones,2,2,2025-07-09 11:34:38.935626
ORD_0083,home_appliances_17_9,17,9,home,appliances,2,3,2025-07-09 22:43:38.935638
ORD_0083,clothing_shirts_17_4,17,4,clothing,shirts,1,3,2025-07-09 22:51:38.935649
ORD_0083,home_furniture_12_9,12,9,home,furniture,1,2,2025-07-10 02:07:38.935660
ORD_0084,clothing_pants_12_3,12,3,clothing,pants,3,3,2025-07-09 20:18:38.935726
ORD_0084,groceries_produce_2_8,2,8,groceries,produce,1,1,2025-07-09 02:51:38.935738
ORD_0084,home_appliances_17_10,17,10,home,appliances,1,3,2025-07-09 09:05:38.935749
ORD_0084,groceries_produce_7_10,7,10,groceries,produce,3,1,2025-07-10 01:13:38.935761
ORD_0085,home_decor_14_9,14,9,home,decor,1,3,2025-07-09 19:12:38.935828
ORD_0086,home_decor_14_8,14,8,home,decor,3,1,2025-07-09 12:32:38.935894
ORD_0086,home_furniture_14_7,14,7,home,furniture,3,1,2025-07-09 16:35:38.935916
ORD_0086,clothing_shirts_13_5,13,5,clothing,shirts,1,1,2025-07-09 12:23:38.935928
ORD_0086,clothing_pants_17_5,17,5,clothing,pants,2,3,2025-07-09 21:31:38.935939
ORD_0086,home_appliances_13_10,13,10,home,appliances,1,2,2025-07-09 08:23:38.935950
ORD_0087,groceries_canned_goods_7_9,7,9,groceries,canned_goods,1,3,2025-07-09 22:00:38.936021
ORD_0087,clothing_shoes_12_3,12,3,clothing,shoes,1,3,2025-07-09 19:57:38.936034
ORD_0087,clothing_pants_16_5,16,5,clothing,pants,3,3,2025-07-09 04:04:38.936048
ORD_0087,groceries_canned_goods_3_8,3,8,groceries,canned_goods,3,1,2025-07-09 17:39:38.936059
ORD_0088,groceries_frozen_foods_4_8,4,8,groceries,frozen_foods,2,2,2025-07-09 13:50:38.936125
ORD_0088,groceries_produce_4_8,4,8,groceries,produce,2,1,2025-07-09 02:54:38.936138
ORD_0088,electronics_laptops_7_4,7,4,electronics,laptops,1,1,2025-07-09 09:57:38.936149
ORD_0088,home_appliances_14_9,14,9,home,appliances,2,2,2025-07-09 02:50:38.936160
ORD_0088,groceries_canned_goods_7_8,7,8,groceries,canned_goods,2,3,2025-07-09 21:54:38.936172
ORD_0089,home_decor_14_7,14,7,home,decor,3,2,2025-07-09 09:46:38.936238
ORD_0089,groceries_frozen_foods_6_10,6,10,groceries,frozen_foods,3,1,2025-07-09 14:10:38.936250
ORD_0089,clothing_shirts_15_5,15,5,clothing,shirts,3,3,2025-07-09 17:31:38.936261
ORD_0090,clothing_shoes_15_2,15,2,clothing,shoes,2,2,2025-07-09 17:56:38.936330
ORD_0090,electronics_laptops_2_4,2,4,electronics,laptops,3,1,2025-07-09 14:49:38.936342
ORD_0090,clothing_shoes_14_3,14,3,clothing,shoes,3,3,2025-07-09 15:40:38.936353
ORD_0091,clothing_shirts_13_3,13,3,clothing,shirts,2,2,2025-07-09 03:47:38.936419
ORD_0091,electronics_tablets_2_3,2,3,electronics,tablets,2,3,2025-07-09 04:17:38.936433
ORD_0091,clothing_shirts_15_4,15,4,clothing,shirts,2,1,2025-07-09 06:20:38.936444
ORD_0092,electronics_laptops_6_2,6,2,electronics,laptops,2,2,2025-07-09 06:51:38.936510
ORD_0092,electronics_laptops_6_3,6,3,electronics,laptops,2,2,2025-07-09 19:00:38.936522
ORD_0092,home_furniture_15_10,15,10,home,furniture,1,1,2025-07-09 20:07:38.936533
ORD_0092,home_furniture_15_7,15,7,home,furniture,3,2,2025-07-09 05:35:38.936544
ORD_0093,electronics_laptops_5_5,5,5,electronics,laptops,2,3,2025-07-10 01:28:38.936609
ORD_0094,electronics_tablets_4_4,4,4,electronics,tablets,2,3,2025-07-09 14:20:38.936675
ORD_0094,electronics_laptops_6_3,6,3,electronics,laptops,2,3,2025-07-10 01:33:38.936687
ORD_0094,electronics_tablets_3_4,3,4,electronics,tablets,2,2,2025-07-09 19:37:38.936698
ORD_0095,groceries_canned_goods_3_8,3,8,groceries,canned_goods,3,2,2025-07-09 11:25:38.936763
ORD_0096,electronics_phones_3_2,3,2,electronics,phones,2,3,2025-07-09 17:45:38.936829
ORD_0096,clothing_shirts_13_2,13,2,clothing,shirts,1,3,2025-07-09 19:47:38.936841
ORD_0097,electronics_tablets_4_4,4,4,electronics,tablets,2,2,2025-07-09 17:27:38.937110
ORD_0097,groceries_frozen_foods_6_9,6,9,groceries,frozen_foods,3,2,2025-07-09 11:10:38.937549
ORD_0097,clothing_pants_16_5,16,5,clothing,pants,3,1,2025-07-09 12:58:38.937613
ORD_0097,groceries_produce_6_8,6,8,groceries,produce,3,1,2025-07-09 17:17:38.937657
ORD_0098,groceries_frozen_foods_6_10,6,10,groceries,frozen_foods,3,1,2025-07-09 19:00:38.937829
ORD_0098,clothing_shirts_16_5,16,5,clothing,shirts,2,2,2025-07-09 16:03:38.937860
ORD_0098,groceries_produce_7_8,7,8,groceries,produce,2,3,2025-07-09 15:47:38.937881
ORD_0099,groceries_produce_6_10,6,10,groceries,produce,3,2,2025-07-09 14:19:38.938114
ORD_0099,clothing_pants_13_4,13,4,clothing,pants,1,2,2025-07-09 23:53:38.938161
ORD_0099,groceries_produce_6_9,6,9,groceries,produce,1,3,2025-07-09 11:07:38.938179
ORD_0099,electronics_laptops_5_2,5,2,electronics,laptops,2,1,2025-07-09 23:10:38.938194
ORD_0100,clothing_shirts_12_5,12,5,clothing,shirts,3,3,2025-07-09 07:09:38.938295
ORD_0100,groceries_canned_goods_6_9,6,9,groceries,canned_goods,2,3,2025-07-09 05:33:38.938312
ORD_0100,electronics_tablets_6_3,6,3,electronics,tablets,1,1,2025-07-09 19:29:38.938327
ORD_0101,clothing_pants_13_4,13,4,clothing,pants,1,2,2025-07-09 06:52:38.938409
ORD_0101,home_furniture_13_7,13,7,home,furniture,3,1,2025-07-09 19:55:38.938423
ORD_0101,groceries_canned_goods_7_7,7,7,groceries,canned_goods,3,3,2025-07-09 18:52:38.938442
ORD_0101,groceries_frozen_foods_2_9,2,9,groceries,frozen_foods,1,1,2025-07-09 17:39:38.938455
ORD_0102,clothing_pants_17_4,17,4,clothing,pants,3,2,2025-07-09 08:10:38.938533
ORD_0102,home_appliances_16_7,16,7,home,appliances,3,3,2025-07-09 08:16:38.938555
ORD_0102,home_decor_16_9,16,9,home,decor,3,3,2025-07-09 21:26:38.938569
ORD_0102,clothing_shoes_15_5,15,5,clothing,shoes,3,3,2025-07-09 09:01:38.938583
ORD_0103,electronics_laptops_5_5,5,5,electronics,laptops,2,3,2025-07-09 16:34:38.938672
ORD_0104,electronics_phones_3_5,3,5,electronics,phones,2,1,2025-07-09 15:06:38.938759
ORD_0104,clothing_pants_13_5,13,5,clothing,pants,1,2,2025-07-09 14:21:38.938775
ORD_0104,home_decor_15_7,15,7,home,decor,3,1,2025-07-09 18:06:38.938791
ORD_0105,home_appliances_17_7,17,7,home,appliances,3,2,2025-07-09 16:23:38.938877
ORD_0105,electronics_tablets_3_3,3,3,electronics,tablets,3,3,2025-07-09 16:35:38.938894
ORD_0105,clothing_pants_16_3,16,3,clothing,pants,2,2,2025-07-09 05:02:38.938908
ORD_0105,clothing_pants_17_3,17,3,clothing,pants,2,3,2025-07-09 04:48:38.938922
ORD_0105,electronics_phones_6_2,6,2,electronics,phones,2,1,2025-07-09 06:56:38.938935
ORD_0106,clothing_shirts_15_3,15,3,clothing,shirts,2,2,2025-07-10 01:28:38.939099
ORD_0106,clothing_shirts_12_3,12,3,clothing,shirts,3,1,2025-07-09 08:44:38.939126
ORD_0106,clothing_shirts_16_4,16,4,clothing,shirts,1,2,2025-07-09 19:13:38.939141
ORD_0106,groceries_frozen_foods_6_8,6,8,groceries,frozen_foods,1,2,2025-07-09 04:59:38.939154
ORD_0106,home_appliances_15_10,15,10,home,appliances,2,3,2025-07-10 02:09:38.939168
ORD_0107,electronics_tablets_6_5,6,5,electronics,tablets,3,2,2025-07-09 20:06:38.939348
ORD_0107,groceries_frozen_foods_3_9,3,9,groceries,frozen_foods,3,2,2025-07-09 12:40:38.939598
ORD_0107,clothing_pants_15_4,15,4,clothing,pants,1,3,2025-07-09 19:03:38.939683
ORD_0108,groceries_canned_goods_7_8,7,8,groceries,canned_goods,2,1,2025-07-09 08:39:38.940097
ORD_0109,electronics_laptops_5_5,5,5,electronics,laptops,2,2,2025-07-09 19:04:38.940528
ORD_0109,electronics_laptops_7_4,7,4,electronics,laptops,1,1,2025-07-09 13:06:38.940565
ORD_0110,groceries_produce_4_8,4,8,groceries,produce,2,3,2025-07-09 02:55:38.940675
ORD_0110,home_appliances_17_10,17,10,home,appliances,1,2,2025-07-09 19:04:38.940690
ORD_0110,groceries_produce_5_9,5,9,groceries,produce,1,3,2025-07-09 08:46:38.940703
ORD_0111,home_appliances_17_10,17,10,home,appliances,1,1,2025-07-09 06:19:38.940779
ORD_0112,clothing_shoes_12_5,12,5,clothing,shoes,1,2,2025-07-09 21:21:38.940853
ORD_0112,home_decor_17_10,17,10,home,decor,1,3,2025-07-09 20:22:38.940865
ORD_0112,groceries_canned_goods_4_9,4,9,groceries,canned_goods,3,3,2025-07-09 17:21:38.940878
ORD_0113,electronics_tablets_3_5,3,5,electronics,tablets,2,2,2025-07-09 20:20:38.940948
ORD_0113,clothing_pants_13_5,13,5,clothing,pants,1,3,2025-07-09 10:57:38.940965
ORD_0113,electronics_laptops_4_2,4,2,electronics,laptops,3,3,2025-07-09 14:43:38.940977
ORD_0114,groceries_produce_2_10,2,10,groceries,produce,1,3,2025-07-10 01:08:38.941048
ORD_0115,clothing_shoes_14_2,14,2,clothing,shoes,3,3,2025-07-09 12:43:38.941119
ORD_0115,groceries_frozen_foods_5_9,5,9,groceries,frozen_foods,2,2,2025-07-09 20:11:38.941132
ORD_0115,home_decor_13_9,13,9,home,decor,1,2,2025-07-09 21:33:38.941148
ORD_0115,home_appliances_13_9,13,9,home,appliances,2,3,2025-07-09 02:34:38.941161
ORD_0116,electronics_phones_7_3,7,3,electronics,phones,1,2,2025-07-10 00:27:38.941236
ORD_0116,home_appliances_17_8,17,8,home,appliances,1,3,2025-07-09 05:01:38.941250
ORD_0117,electronics_phones_3_2,3,2,electronics,phones,2,3,2025-07-09 04:15:38.941321
ORD_0117,clothing_shirts_15_4,15,4,clothing,shirts,2,2,2025-07-09 06:52:38.941334
ORD_0117,groceries_canned_goods_6_9,6,9,groceries,canned_goods,2,1,2025-07-09 05:26:38.941347
ORD_0117,clothing_shirts_13_5,13,5,clothing,shirts,1,2,2025-07-09 16:30:38.941362
ORD_0117,electronics_phones_6_3,6,3,electronics,phones,2,1,2025-07-09 15:14:38.941373
ORD_0118,electronics_tablets_6_4,6,4,electronics,tablets,3,2,2025-07-09 14:04:38.941446
ORD_0118,home_appliances_14_9,14,9,home,appliances,2,1,2025-07-09 23:35:38.941461
ORD_0118,clothing_pants_13_2,13,2,clothing,pants,2,3,2025-07-09 17:11:38.941474
ORD_0118,clothing_shirts_17_5,17,5,clothing,shirts,3,3,2025-07-09 16:59:38.941486
ORD_0118,home_furniture_17_10,17,10,home,furniture,2,3,2025-07-09 03:21:38.941501
ORD_0119,groceries_produce_3_9,3,9,groceries,produce,2,1,2025-07-09 16:17:38.941662
ORD_0120,groceries_produce_2_7,2,7,groceries,produce,2,3,2025-07-10 00:15:38.941769
ORD_0121,home_appliances_15_10,15,10,home,appliances,2,3,2025-07-09 06:08:38.941853
ORD_0121,home_appliances_17_8,17,8,home,appliances,1,3,2025-07-09 17:05:38.941867
ORD_0121,electronics_phones_2_4,2,4,electronics,phones,3,1,2025-07-09 20:28:38.941884
ORD_0121,electronics_phones_2_2,2,2,electronics,phones,1,2,2025-07-09 20:03:38.941897
ORD_0122,home_appliances_17_7,17,7,home,appliances,3,2,2025-07-09 08:12:38.941971
ORD_0122,electronics_tablets_5_3,5,3,electronics,tablets,2,2,2025-07-10 00:13:38.941986
ORD_0123,electronics_tablets_6_2,6,2,electronics,tablets,2,2,2025-07-09 22:52:38.942060
ORD_0123,electronics_phones_7_2,7,2,electronics,phones,3,2,2025-07-09 02:57:38.942075
ORD_0123,clothing_shoes_12_4,12,4,clothing,shoes,1,3,2025-07-09 22:20:38.942091
ORD_0123,electronics_laptops_2_4,2,4,electronics,laptops,3,3,2025-07-10 00:22:38.942105
ORD_0123,clothing_pants_16_5,16,5,clothing,pants,3,2,2025-07-09 21:32:38.942118
ORD_0124,home_decor_14_7,14,7,home,decor,3,3,2025-07-09 06:11:38.942198
ORD_0125,groceries_canned_goods_5_9,5,9,groceries,canned_goods,3,2,2025-07-09 12:09:38.942270
ORD_0126,electronics_phones_5_5,5,5,electronics,phones,3,1,2025-07-09 12:03:38.942339
ORD_0127,electronics_tablets_7_5,7,5,electronics,tablets,1,2,2025-07-09 15:49:38.942409
ORD_0127,home_decor_15_7,15,7,home,decor,3,1,2025-07-09 02:34:38.942422
ORD_0127,groceries_canned_goods_6_8,6,8,groceries,canned_goods,2,2,2025-07-09 13:04:38.942434
ORD_0127,clothing_shoes_16_3,16,3,clothing,shoes,1,2,2025-07-09 15:23:38.942445
ORD_0128,groceries_produce_7_7,7,7,groceries,produce,3,2,2025-07-09 08:43:38.942514
ORD_0128,electronics_tablets_3_2,3,2,electronics,tablets,2,1,2025-07-09 07:38:38.942526
ORD_0128,home_appliances_15_8,15,8,home,appliances,3,1,2025-07-09 10:29:38.942538
ORD_0128,groceries_canned_goods_7_10,7,10,groceries,canned_goods,3,1,2025-07-09 23:52:38.942550
ORD_0128,electronics_phones_2_5,2,5,electronics,phones,1,3,2025-07-09 20:08:38.942562
ORD_0129,clothing_shoes_15_3,15,3,clothing,shoes,1,2,2025-07-09 12:21:38.942631
ORD_0130,groceries_produce_6_9,6,9,groceries,produce,1,3,2025-07-09 05:51:38.942702
ORD_0130,electronics_phones_5_5,5,5,electronics,phones,3,3,2025-07-09 16:35:38.942715
ORD_0130,groceries_frozen_foods_2_10,2,10,groceries,frozen_foods,1,3,2025-07-09 09:33:38.942727
ORD_0130,groceries_frozen_foods_3_7,3,7,groceries,frozen_foods,1,2,2025-07-09 22:09:38.942738
ORD_0131,clothing_shirts_17_4,17,4,clothing,shirts,1,1,2025-07-10 01:38:38.942810
ORD_0131,home_furniture_15_7,15,7,home,furniture,3,2,2025-07-09 13:37:38.942825
ORD_0131,home_appliances_15_7,15,7,home,appliances,3,2,2025-07-09 09:24:38.942839
ORD_0131,clothing_shoes_16_5,16,5,clothing,shoes,2,2,2025-07-10 01:04:38.942851
ORD_0132,groceries_produce_4_8,4,8,groceries,produce,2,3,2025-07-09 20:52:38.942924
ORD_0132,home_furniture_15_8,15,8,home,furniture,1,2,2025-07-09 07:11:38.942938
ORD_0132,electronics_tablets_3_5,3,5,electronics,tablets,2,2,2025-07-10 00:43:38.942953
ORD_0133,groceries_produce_3_8,3,8,groceries,produce,1,3,2025-07-09 17:41:38.944883
ORD_0133,clothing_pants_17_3,17,3,clothing,pants,2,3,2025-07-10 01:38:38.944974
ORD_0133,clothing_shoes_15_5,15,5,clothing,shoes,3,1,2025-07-09 16:06:38.945006
ORD_0133,electronics_phones_7_5,7,5,electronics,phones,3,1,2025-07-09 13:06:38.945145
ORD_0133,clothing_pants_15_2,15,2,clothing,pants,3,2,2025-07-09 09:44:38.945170
ORD_0134,clothing_pants_12_4,12,4,clothing,pants,2,1,2025-07-09 13:44:38.945294
ORD_0134,electronics_laptops_5_2,5,2,electronics,laptops,2,3,2025-07-09 17:05:38.945311
ORD_0134,home_furniture_15_10,15,10,home,furniture,1,3,2025-07-09 06:24:38.945324
ORD_0134,groceries_canned_goods_2_9,2,9,groceries,canned_goods,3,1,2025-07-09 06:11:38.945343
ORD_0134,clothing_pants_12_3,12,3,clothing,pants,3,1,2025-07-09 16:58:38.945355
ORD_0135,groceries_frozen_foods_4_9,4,9,groceries,frozen_foods,1,2,2025-07-09 07:34:38.945491
ORD_0135,electronics_tablets_6_3,6,3,electronics,tablets,1,3,2025-07-09 21:19:38.945538
ORD_0136,clothing_pants_17_3,17,3,clothing,pants,2,1,2025-07-09 10:10:38.945632
ORD_0136,home_appliances_12_7,12,7,home,appliances,1,2,2025-07-09 23:14:38.945647
ORD_0136,groceries_produce_5_9,5,9,groceries,produce,1,3,2025-07-09 21:51:38.945661
ORD_0136,home_furniture_14_10,14,10,home,furniture,3,2,2025-07-09 04:53:38.945677
ORD_0137,electronics_laptops_6_2,6,2,electronics,laptops,2,2,2025-07-09 22:00:38.945788
ORD_0137,clothing_shoes_13_3,13,3,clothing,shoes,1,2,2025-07-09 03:38:38.945805
ORD_0137,groceries_canned_goods_5_10,5,10,groceries,canned_goods,1,2,2025-07-09 20:26:38.945817
ORD_0137,groceries_frozen_foods_7_8,7,8,groceries,frozen_foods,2,1,2025-07-09 09:59:38.945829
ORD_0137,groceries_frozen_foods_5_9,5,9,groceries,frozen_foods,2,3,2025-07-09 15:39:38.945841
ORD_0138,home_furniture_17_10,17,10,home,furniture,2,3,2025-07-09 04:13:38.945913
ORD_0138,groceries_produce_5_8,5,8,groceries,produce,3,2,2025-07-09 04:38:38.945926
ORD_0138,clothing_shirts_12_3,12,3,clothing,shirts,3,1,2025-07-09 08:37:38.945938
ORD_0138,electronics_phones_3_4,3,4,electronics,phones,3,2,2025-07-09 10:32:38.945949
ORD_0138,home_appliances_12_9,12,9,home,appliances,1,2,2025-07-09 09:38:38.945960
ORD_0139,electronics_laptops_7_2,7,2,electronics,laptops,1,3,2025-07-09 18:35:38.946033
ORD_0140,clothing_shoes_12_5,12,5,clothing,shoes,1,1,2025-07-10 01:14:38.946105
ORD_0140,electronics_tablets_3_4,3,4,electronics,tablets,2,3,2025-07-10 00:23:38.946119
ORD_0140,electronics_phones_4_4,4,4,electronics,phones,1,1,2025-07-09 11:57:38.946130
ORD_0140,groceries_canned_goods_2_10,2,10,groceries,canned_goods,2,2,2025-07-09 14:10:38.946142
ORD_0141,clothing_shoes_15_2,15,2,clothing,shoes,2,1,2025-07-09 19:30:38.946211
ORD_0141,home_appliances_13_10,13,10,home,appliances,1,3,2025-07-09 21:48:38.946224
ORD_0142,groceries_frozen_foods_2_9,2,9,groceries,frozen_foods,1,1,2025-07-09 19:16:38.946295
ORD_0142,clothing_shirts_17_3,17,3,clothing,shirts,1,2,2025-07-09 16:24:38.946308
ORD_0142,clothing_shirts_12_3,12,3,clothing,shirts,3,2,2025-07-10 00:24:38.946319
ORD_0143,groceries_frozen_foods_6_10,6,10,groceries,frozen_foods,3,3,2025-07-09 23:45:38.946394
ORD_0144,home_decor_17_10,17,10,home,decor,1,2,2025-07-10 01:33:38.946644
ORD_0144,groceries_produce_5_9,5,9,groceries,produce,1,1,2025-07-09 13:32:38.946709
ORD_0144,groceries_produce_5_7,5,7,groceries,produce,1,1,2025-07-10 01:06:38.946727
ORD_0145,home_decor_16_9,16,9,home,decor,3,2,2025-07-09 09:13:38.946858
ORD_0145,clothing_shoes_13_4,13,4,clothing,shoes,1,2,2025-07-09 17:28:38.946876
ORD_0145,clothing_pants_15_2,15,2,clothing,pants,3,2,2025-07-10 00:38:38.946889
ORD_0145,groceries_canned_goods_4_9,4,9,groceries,canned_goods,3,2,2025-07-10 01:20:38.946903
ORD_0145,clothing_shirts_12_2,12,2,clothing,shirts,3,2,2025-07-09 13:22:38.946915
ORD_0146,groceries_frozen_foods_4_10,4,10,groceries,frozen_foods,2,2,2025-07-09 03:27:38.947001
ORD_0146,home_decor_16_8,16,8,home,decor,3,3,2025-07-09 15:39:38.947016
ORD_0146,groceries_frozen_foods_7_7,7,7,groceries,frozen_foods,1,3,2025-07-09 06:00:38.947028
ORD_0146,groceries_produce_6_10,6,10,groceries,produce,3,1,2025-07-09 07:20:38.947040
ORD_0147,groceries_frozen_foods_4_7,4,7,groceries,frozen_foods,2,2,2025-07-09 13:54:38.947111
ORD_0148,home_appliances_13_9,13,9,home,appliances,2,3,2025-07-09 12:17:38.947187
ORD_0148,home_appliances_16_9,16,9,home,appliances,3,1,2025-07-09 03:09:38.947202
ORD_0149,electronics_laptops_7_2,7,2,electronics,laptops,1,2,2025-07-09 13:13:38.947278
ORD_0149,home_appliances_13_8,13,8,home,appliances,1,3,2025-07-09 14:40:38.947294
ORD_0149,groceries_produce_6_10,6,10,groceries,produce,3,2,2025-07-09 19:56:38.947309
ORD_0149,clothing_shoes_12_2,12,2,clothing,shoes,3,3,2025-07-09 13:06:38.947326
ORD_0149,home_furniture_13_10,13,10,home,furniture,3,2,2025-07-09 19:41:38.947339
ORD_0150,home_appliances_13_10,13,10,home,appliances,1,1,2025-07-10 00:32:38.947425
ORD_0150,home_decor_16_8,16,8,home,decor,3,1,2025-07-09 19:52:38.947449
ORD_0150,electronics_phones_7_3,7,3,electronics,phones,1,1,2025-07-09 10:02:38.947464
ORD_0150,home_appliances_14_7,14,7,home,appliances,1,3,2025-07-09 16:45:38.947479
ORD_0151,home_appliances_16_8,16,8,home,appliances,3,3,2025-07-09 05:25:38.947568
ORD_0151,home_decor_16_9,16,9,home,decor,3,3,2025-07-09 12:54:38.947587
ORD_0151,clothing_shoes_15_5,15,5,clothing,shoes,3,1,2025-07-09 22:39:38.947601
ORD_0152,home_appliances_15_8,15,8,home,appliances,3,1,2025-07-09 22:30:38.947694
ORD_0152,clothing_shirts_16_3,16,3,clothing,shirts,2,3,2025-07-09 11:45:38.947713
ORD_0153,home_appliances_14_7,14,7,home,appliances,1,1,2025-07-09 07:10:38.947801
ORD_0154,clothing_pants_12_4,12,4,clothing,pants,2,1,2025-07-10 01:11:38.947882
ORD_0155,clothing_shoes_17_5,17,5,clothing,shoes,3,2,2025-07-09 22:18:38.947954
ORD_0155,groceries_canned_goods_4_7,4,7,groceries,canned_goods,3,3,2025-07-09 05:32:38.947968
ORD_0155,clothing_shoes_12_4,12,4,clothing,shoes,1,2,2025-07-09 17:34:38.947980
ORD_0156,groceries_canned_goods_6_7,6,7,groceries,canned_goods,2,1,2025-07-09 16:54:38.948061
ORD_0156,clothing_shoes_14_3,14,3,clothing,shoes,3,3,2025-07-09 03:06:38.948081
ORD_0156,groceries_frozen_foods_5_10,5,10,groceries,frozen_foods,2,1,2025-07-09 11:15:38.948098
ORD_0156,groceries_canned_goods_6_9,6,9,groceries,canned_goods,2,1,2025-07-09 15:59:38.948119
ORD_0157,groceries_frozen_foods_3_9,3,9,groceries,frozen_foods,3,2,2025-07-09 03:58:38.948206
ORD_0157,groceries_frozen_foods_3_8,3,8,groceries,frozen_foods,1,1,2025-07-09 08:34:38.948223
ORD_0157,home_decor_15_8,15,8,home,decor,1,2,2025-07-09 06:35:38.948236
ORD_0158,home_appliances_14_7,14,7,home,appliances,1,2,2025-07-09 08:52:38.948317
ORD_0158,groceries_produce_7_10,7,10,groceries,produce,3,3,2025-07-09 12:56:38.948336
ORD_0159,groceries_frozen_foods_7_10,7,10,groceries,frozen_foods,3,2,2025-07-09 22:27:38.948443
ORD_0159,groceries_canned_goods_5_10,5,10,groceries,canned_goods,1,1,2025-07-09 17:49:38.948463
ORD_0160,clothing_pants_17_5,17,5,clothing,pants,2,3,2025-07-09 20:02:38.948537
ORD_0160,groceries_frozen_foods_7_9,7,9,groceries,frozen_foods,1,2,2025-07-09 23:59:38.948550
ORD_0160,electronics_tablets_7_4,7,4,electronics,tablets,3,3,2025-07-10 02:21:38.948563
ORD_0161,clothing_pants_15_4,15,4,clothing,pants,1,2,2025-07-09 06:35:38.948635
ORD_0162,electronics_tablets_2_2,2,2,electronics,tablets,2,3,2025-07-09 12:56:38.948704
ORD_0162,clothing_shirts_12_4,12,4,clothing,shirts,1,2,2025-07-09 15:58:38.948717
ORD_0162,groceries_frozen_foods_2_10,2,10,groceries,frozen_foods,1,1,2025-07-09 17:33:38.948729
ORD_0163,home_appliances_12_10,12,10,home,appliances,1,2,2025-07-09 11:04:38.948805
ORD_0164,groceries_canned_goods_3_7,3,7,groceries,canned_goods,2,2,2025-07-09 19:18:38.948876
ORD_0165,groceries_produce_6_7,6,7,groceries,produce,3,3,2025-07-09 19:46:38.948945
ORD_0165,clothing_shoes_16_4,16,4,clothing,shoes,3,1,2025-07-09 21:14:38.948958
ORD_0166,home_furniture_17_8,17,8,home,furniture,1,1,2025-07-09 10:40:38.949030
ORD_0166,clothing_pants_12_2,12,2,clothing,pants,2,2,2025-07-09 16:50:38.949044
ORD_0166,electronics_tablets_6_5,6,5,electronics,tablets,3,1,2025-07-10 00:01:38.949055
ORD_0166,clothing_shirts_14_3,14,3,clothing,shirts,2,2,2025-07-09 12:45:38.949067
ORD_0167,groceries_produce_7_7,7,7,groceries,produce,3,3,2025-07-10 02:25:38.949137
ORD_0167,groceries_canned_goods_7_10,7,10,groceries,canned_goods,3,1,2025-07-09 06:38:38.949150
ORD_0167,clothing_shoes_13_2,13,2,clothing,shoes,2,3,2025-07-09 06:12:38.949161
ORD_0167,clothing_shoes_17_3,17,3,clothing,shoes,3,1,2025-07-09 07:21:38.949181
ORD_0168,groceries_canned_goods_3_7,3,7,groceries,canned_goods,2,1,2025-07-10 01:12:38.949253
ORD_0168,clothing_pants_12_2,12,2,clothing,pants,2,3,2025-07-09 04:30:38.949265
ORD_0168,groceries_frozen_foods_5_10,5,10,groceries,frozen_foods,2,2,2025-07-10 01:08:38.949282
ORD_0168,groceries_produce_4_10,4,10,groceries,produce,3,1,2025-07-09 03:53:38.949294
ORD_0169,electronics_laptops_6_2,6,2,electronics,laptops,2,3,2025-07-09 22:10:38.949362
ORD_0170,home_furniture_16_10,16,10,home,furniture,3,2,2025-07-09 10:23:38.949429
ORD_0170,clothing_shoes_12_5,12,5,clothing,shoes,1,1,2025-07-09 15:24:38.949441
ORD_0171,electronics_tablets_4_2,4,2,electronics,tablets,1,1,2025-07-09 08:08:38.949509
ORD_0172,home_appliances_13_8,13,8,home,appliances,1,3,2025-07-09 16:33:38.949576
ORD_0173,home_furniture_13_9,13,9,home,furniture,2,2,2025-07-09 17:40:38.949642
ORD_0173,electronics_tablets_7_5,7,5,electronics,tablets,1,3,2025-07-09 11:45:38.949654
ORD_0173,home_furniture_13_7,13,7,home,furniture,3,3,2025-07-09 10:15:38.949670
ORD_0173,home_decor_16_9,16,9,home,decor,3,2,2025-07-09 17:03:38.949682
ORD_0174,clothing_shirts_17_3,17,3,clothing,shirts,1,3,2025-07-09 22:47:38.949749
ORD_0174,groceries_frozen_foods_7_7,7,7,groceries,frozen_foods,1,2,2025-07-09 23:06:38.949761
ORD_0174,clothing_shoes_17_5,17,5,clothing,shoes,3,3,2025-07-09 07:35:38.949773
ORD_0175,clothing_pants_12_4,12,4,clothing,pants,2,3,2025-07-09 20:25:38.949839
ORD_0176,home_decor_15_8,15,8,home,decor,1,2,2025-07-09 23:42:38.949907
ORD_0176,electronics_tablets_4_5,4,5,electronics,tablets,3,3,2025-07-09 11:52:38.949922
ORD_0176,electronics_phones_6_3,6,3,electronics,phones,2,3,2025-07-10 00:47:38.949933
ORD_0177,groceries_canned_goods_7_9,7,9,groceries,canned_goods,1,1,2025-07-09 16:08:38.950000
ORD_0177,electronics_tablets_3_2,3,2,electronics,tablets,2,2,2025-07-10 01:17:38.950013
ORD_0177,electronics_tablets_3_3,3,3,electronics,tablets,3,2,2025-07-09 03:13:38.950024
ORD_0178,clothing_shoes_12_3,12,3,clothing,shoes,1,2,2025-07-09 23:05:38.950089
ORD_0178,groceries_frozen_foods_6_9,6,9,groceries,frozen_foods,3,3,2025-07-09 07:22:38.950101
ORD_0178,electronics_laptops_6_5,6,5,electronics,laptops,2,1,2025-07-09 22:58:38.950112
ORD_0179,home_appliances_13_10,13,10,home,appliances,1,3,2025-07-09 08:51:38.950177
ORD_0179,groceries_produce_4_10,4,10,groceries,produce,3,1,2025-07-09 09:40:38.950189
ORD_0179,clothing_pants_13_2,13,2,clothing,pants,2,2,2025-07-09 08:52:38.950200
ORD_0179,groceries_produce_7_7,7,7,groceries,produce,3,3,2025-07-09 19:27:38.950211
ORD_0179,groceries_canned_goods_2_8,2,8,groceries,canned_goods,1,1,2025-07-09 03:14:38.950223
ORD_0180,home_appliances_12_8,12,8,home,appliances,2,2,2025-07-09 07:16:38.950292
ORD_0181,clothing_shoes_16_2,16,2,clothing,shoes,1,1,2025-07-09 23:30:38.950374
ORD_0181,home_furniture_13_7,13,7,home,furniture,3,1,2025-07-09 15:48:38.950393
ORD_0182,home_decor_15_7,15,7,home,decor,3,3,2025-07-09 05:48:38.950471
ORD_0182,clothing_shirts_12_5,12,5,clothing,shirts,3,1,2025-07-09 14:14:38.950484
ORD_0183,groceries_frozen_foods_5_9,5,9,groceries,frozen_foods,2,1,2025-07-09 07:52:38.950552
ORD_0183,home_furniture_16_8,16,8,home,furniture,1,2,2025-07-09 16:13:38.950564
ORD_0183,home_decor_12_9,12,9,home,decor,2,1,2025-07-09 07:29:38.950575
ORD_0183,clothing_shirts_12_4,12,4,clothing,shirts,1,3,2025-07-09 11:07:38.950587
ORD_0183,groceries_frozen_foods_5_7,5,7,groceries,frozen_foods,1,3,2025-07-09 15:53:38.950598
ORD_0184,clothing_pants_17_4,17,4,clothing,pants,3,1,2025-07-09 23:24:38.950891
ORD_0185,clothing_shirts_12_2,12,2,clothing,shirts,3,2,2025-07-09 14:21:38.951058
ORD_0185,electronics_phones_2_2,2,2,electronics,phones,1,1,2025-07-09 11:56:38.951080
ORD_0185,electronics_tablets_4_3,4,3,electronics,tablets,3,2,2025-07-09 07:00:38.951094
ORD_0185,clothing_shoes_13_3,13,3,clothing,shoes,1,1,2025-07-09 07:26:38.951107
ORD_0186,clothing_shoes_16_4,16,4,clothing,shoes,3,2,2025-07-09 20:11:38.951183
ORD_0186,home_decor_14_7,14,7,home,decor,3,2,2025-07-09 18:45:38.951196
ORD_0187,electronics_laptops_6_5,6,5,electronics,laptops,2,3,2025-07-09 21:32:38.951274
ORD_0187,electronics_tablets_4_4,4,4,electronics,tablets,2,2,2025-07-10 02:17:38.951286
ORD_0187,electronics_laptops_3_4,3,4,electronics,laptops,2,2,2025-07-09 17:31:38.951310
ORD_0188,clothing_shirts_16_3,16,3,clothing,shirts,2,2,2025-07-09 22:20:38.951380
ORD_0188,groceries_frozen_foods_4_10,4,10,groceries,frozen_foods,2,2,2025-07-09 13:31:38.951396
ORD_0188,groceries_produce_7_8,7,8,groceries,produce,2,2,2025-07-10 02:03:38.951411
ORD_0189,home_furniture_14_8,14,8,home,furniture,1,2,2025-07-09 11:48:38.951483
ORD_0189,groceries_frozen_foods_5_10,5,10,groceries,frozen_foods,2,3,2025-07-09 11:39:38.951497
ORD_0189,electronics_tablets_3_2,3,2,electronics,tablets,2,1,2025-07-09 10:35:38.951509
ORD_0189,electronics_phones_2_5,2,5,electronics,phones,1,2,2025-07-09 21:22:38.951521
ORD_0189,groceries_canned_goods_5_10,5,10,groceries,canned_goods,1,2,2025-07-09 13:11:38.951533
ORD_0190,groceries_frozen_foods_5_7,5,7,groceries,frozen_foods,1,2,2025-07-09 21:54:38.951603
ORD_0190,groceries_canned_goods_6_7,6,7,groceries,canned_goods,2,3,2025-07-09 12:11:38.951615
ORD_0190,groceries_canned_goods_4_7,4,7,groceries,canned_goods,3,1,2025-07-09 08:48:38.951627
ORD_0190,electronics_laptops_5_3,5,3,electronics,laptops,1,3,2025-07-10 01:48:38.951640
ORD_0191,groceries_canned_goods_4_8,4,8,groceries,canned_goods,1,1,2025-07-09 13:54:38.951709
ORD_0191,clothing_shirts_15_2,15,2,clothing,shirts,3,2,2025-07-10 01:06:38.951722
ORD_0191,groceries_produce_4_9,4,9,groceries,produce,3,2,2025-07-09 22:48:38.951734
ORD_0192,groceries_produce_2_7,2,7,groceries,produce,2,1,2025-07-09 08:54:38.951806
ORD_0193,clothing_shoes_17_3,17,3,clothing,shoes,3,2,2025-07-10 00:51:38.951878
ORD_0194,clothing_shirts_16_4,16,4,clothing,shirts,1,1,2025-07-09 09:22:38.951966
ORD_0194,groceries_produce_3_7,3,7,groceries,produce,3,1,2025-07-09 23:56:38.951986
ORD_0194,clothing_pants_13_4,13,4,clothing,pants,1,1,2025-07-09 16:58:38.952003
ORD_0194,home_decor_15_10,15,10,home,decor,1,3,2025-07-09 11:13:38.952015
ORD_0195,electronics_laptops_7_5,7,5,electronics,laptops,3,1,2025-07-09 06:41:38.952087
ORD_0195,clothing_shoes_13_3,13,3,clothing,shoes,1,2,2025-07-09 12:28:38.952100
ORD_0195,home_appliances_16_10,16,10,home,appliances,3,1,2025-07-09 21:36:38.952113
ORD_0195,clothing_shirts_13_3,13,3,clothing,shirts,2,3,2025-07-09 22:12:38.952125
ORD_0195,groceries_canned_goods_3_9,3,9,groceries,canned_goods,1,1,2025-07-09 06:59:38.952137
ORD_0196,clothing_pants_13_3,13,3,clothing,pants,2,2,2025-07-09 17:30:38.952207
ORD_0196,home_furniture_16_7,16,7,home,furniture,3,3,2025-07-09 07:55:38.952219
ORD_0197,clothing_shoes_15_5,15,5,clothing,shoes,3,1,2025-07-09 18:28:38.952305
ORD_0197,clothing_pants_12_4,12,4,clothing,pants,2,3,2025-07-09 20:08:38.952323
ORD_0197,groceries_frozen_foods_3_7,3,7,groceries,frozen_foods,1,3,2025-07-09 11:30:38.952336
ORD_0197,electronics_tablets_4_2,4,2,electronics,tablets,1,3,2025-07-09 05:13:38.952348
ORD_0198,groceries_produce_4_10,4,10,groceries,produce,3,2,2025-07-09 20:47:38.952424
ORD_0198,clothing_shoes_14_4,14,4,clothing,shoes,1,3,2025-07-09 18:21:38.952437
ORD_0198,clothing_pants_12_4,12,4,clothing,pants,2,3,2025-07-09 03:35:38.952454
ORD_0198,home_furniture_13_10,13,10,home,furniture,3,1,2025-07-09 05:47:38.952466
ORD_0199,groceries_canned_goods_5_8,5,8,groceries,canned_goods,3,3,2025-07-09 12:11:38.952535
ORD_0199,home_furniture_17_9,17,9,home,furniture,2,2,2025-07-09 10:25:38.952548
ORD_0199,electronics_tablets_2_3,2,3,electronics,tablets,2,3,2025-07-09 15:31:38.952561
ORD_0200,home_appliances_15_9,15,9,home,appliances,2,3,2025-07-09 08:54:38.952633
ORD_0200,electronics_tablets_7_5,7,5,electronics,tablets,1,3,2025-07-09 03:07:38.952645
